Index;Tweet;HS;Abusive;HS_Individual;HS_Group;HS_Religion;HS_Race;HS_Physical;HS_Gender;HS_Other;HS_Weak;HS_Moderate;HS_Strong;Tweet_Parsed;HS_predict;Abusive_predict;HS_Individual_predict;HS_Group_predict;HS_Religion_predict;HS_Race_predict;HS_Physical_predict;HS_Gender_predict;HS_Other_predict;HS_Weak_predict;HS_Moderate_predict;HS_Strong_predict;OOV
1;"GANTENG TAPI BERENGSEK!!! BUAT APA?!!
WHO DO YOU THINK YOU ARE? YOU'RE NOTHING!! TO ME! << REMEMBER THIS!!";1;1;1;0;0;0;0;0;1;1;0;0;ganteng tapi berengsek buat apa who do you think you are you re nothing to me remember this ;0.0;1.0;0.0;0.0;0.0;0.0;0.0;0.0;0.0;0.0;0.0;0.0;
49;USER Hasil revolusi mental kenapa jadi pada cacat mental... Optimis 2019 ganti presiden.';1;1;1;0;0;0;1;0;0;1;0;0;user hasil revolusi mental kenapa jadi pada cacat mental optimis ganti presiden ;0.0;0.0;0.0;0.0;0.0;0.0;0.0;0.0;0.0;0.0;0.0;0.0;
69;USER emg produk cina \xf0\x9f\x92\xaf\xf0\x9f\x92\xaf\xf0\x9f\x92\xaf\xf0\x9f\x92\xaf';0;0;0;0;0;0;0;0;0;0;0;0;user memang produk cina ;1.0;1.0;0.0;1.0;0.0;1.0;0.0;0.0;0.0;0.0;1.0;0.0;
105;Disebut Kampungan Oleh Nagita Slavina, Begini Reaksi Ayu Ting Ting URL;0;0;0;0;0;0;0;0;0;0;0;0;disebut kampungan oleh nagita slavina begini reaksi ayu ting ting url;0.0;1.0;0.0;0.0;0.0;0.0;0.0;0.0;0.0;0.0;0.0;0.0;
108;USER USER USER USER USER USER USER Sampah;1;1;1;0;0;0;0;0;1;1;0;0;user user user user user user user sampah;0.0;0.0;0.0;0.0;0.0;0.0;0.0;0.0;0.0;0.0;0.0;0.0;
163;RT USER Nanti ada rezim Indonesia islam rezim amerika Kristen ujung-ujungnya islam vs budha vs Kristen vs hindu senang kah anda?;1;0;1;0;1;0;0;0;0;1;0;0;rt user nanti ada rezim indonesia islam rezim amerika kristen ujung ujungnya islam lawan buddha lawan kristen lawan hindu senang  kamu ;0.0;0.0;0.0;0.0;0.0;0.0;0.0;0.0;0.0;0.0;0.0;0.0;
170;Mereka cuma tau lo brengsek! tp bagi gue lo itu nggak seperti yg mereka omongin, dan gue yakin lo pasti bisa berubah. :)';0;1;0;0;0;0;0;0;0;0;0;0;mereka hanya tau kamu berengsek tetapi bagi aku kamu itu tidak seperti  mereka membicarakan dan aku yakin kamu pasti bisa berubah ;1.0;1.0;1.0;0.0;0.0;0.0;0.0;0.0;1.0;1.0;0.0;0.0;
198;Udah sinting URL;0;1;0;0;0;0;0;0;0;0;0;0;sudah sinting url;1.0;1.0;1.0;0.0;0.0;0.0;1.0;0.0;0.0;1.0;0.0;0.0;
235;Ini pasti salah Jokowi, Ahok dan kafir-kafir ateis. URL;1;1;0;1;1;0;0;0;0;0;1;0;ini pasti salah jokowi ahok dan kafir kafir ateis url;1.0;1.0;1.0;0.0;1.0;0.0;0.0;0.0;0.0;1.0;0.0;0.0;
248;Indonesia vs Malaysia ??? That is not Malaysian team. All of it definitely Indian. Not malay. #ShameOnYouMalaysia #SeaGames2017;0;0;0;0;0;0;0;0;0;0;0;0;indonesia lawan malaysia that is not malaysian tim all of it definetly indian not malaysia shame on you malaysia sea games ;1.0;0.0;0.0;1.0;0.0;0.0;0.0;0.0;1.0;0.0;1.0;0.0;
253;USER bentar bentar kunyuk mirip siapa yak *mikir keras*';1;1;1;0;0;0;0;0;1;1;0;0;user bentar bentar kunyuk mirip siapa  berpikir keras ;0.0;0.0;0.0;0.0;0.0;0.0;0.0;0.0;0.0;0.0;0.0;0.0;
265;USER Bangsad napadah lu sangad tidack ramah sama gua';1;1;1;0;0;0;0;0;1;1;0;0;user bangsat apa  kamu sangat tidak ramah sama aku ;0.0;1.0;0.0;0.0;0.0;0.0;0.0;0.0;0.0;0.0;0.0;0.0;
266;Jokowi anti islam akn diusung lawan-lawan politik... buzzer dari rezim;1;0;1;0;1;0;0;0;0;1;0;0;jokowi anti islam akan diusung lawan lawan politik buzzer dari rezim;1.0;0.0;0.0;1.0;1.0;0.0;0.0;0.0;0.0;0.0;1.0;0.0;
287;USER Si amat emang nggak bodo. Gue bilangin amat nih lo bawa2 nama dia.';0;0;0;0;0;0;0;0;0;0;0;0;user  amat memang tidak bodoh aku bilang amat nih kamu bawa bawa nama dia ;1.0;1.0;1.0;0.0;0.0;0.0;0.0;0.0;1.0;1.0;0.0;0.0;
307;Malaysia is the worst SEA Games host ever!! #ShameOnYouMalaysia #SeaGames2017 #Ã Â¸ÂÃ Â¸ÂµÃ Â¹ÂÃ Â¸ÂÃ Â¸Â¡Ã Â¸ÂªÃ Â¹Â2017 pic.twitter.com/hMMHRIciC3;1;0;0;1;0;0;0;0;1;0;1;0;malaysia is the worst sea games host ever shame on you malaysia sea games ;0.0;0.0;0.0;0.0;0.0;0.0;0.0;0.0;0.0;0.0;0.0;0.0;
322;JKW ERA: Percuma pembangunan duit utang semua..;1;0;1;0;0;0;0;0;1;1;0;0;jokowi era percuma pembangunan duit utang semua ;1.0;0.0;0.0;1.0;0.0;0.0;0.0;0.0;1.0;0.0;1.0;0.0;
333;USER Pokonya kita bales tu partai silit item';1;1;0;1;0;0;0;0;1;0;1;0;user pokoknya kita balas itu partai silit hitam ;0.0;1.0;0.0;0.0;0.0;0.0;0.0;0.0;0.0;0.0;0.0;0.0;
402;USER cocot comberan tai';1;1;0;1;0;0;0;0;1;0;1;0;user cocot comberan tai ;1.0;1.0;1.0;0.0;0.0;0.0;0.0;0.0;1.0;1.0;0.0;0.0;
441;GAPERNAH MENDALAMI AL-QURAN YA BANG??? PANTESAN MULUTNYA KAYA ORANG KAFIR BEJAT HINA USER';1;1;1;0;1;0;1;0;0;1;0;0;tidak pernah mendalami al alquran  bang pantas saja mulutnya kaya orang kafir bejat hina user ;1.0;1.0;1.0;0.0;1.0;0.0;0.0;0.0;0.0;1.0;0.0;0.0;
444;RT USER Pribumi harus tolak etnis cina jadi pemimpin di indonesia jgn di adu dgn pancasila atau bhineka..;1;0;0;1;0;1;0;0;0;0;0;1;rt user pribumi harus tolak etnis cina jadi pemimpin di indonesia jangan di adu dengan pancasila atau bhineka ;1.0;0.0;0.0;1.0;0.0;1.0;0.0;0.0;0.0;0.0;1.0;0.0;
457;ANJING TAIK, FUCK YOU YOUTUBE BANGSAT,,,,;0;1;0;0;0;0;0;0;0;0;0;0;anjing tai fuck you youtube bangsat ;1.0;1.0;1.0;0.0;0.0;0.0;0.0;0.0;1.0;1.0;0.0;0.0;
459;RT USER Juga jago bakar isu PKI Komunis;1;0;1;0;0;1;0;0;0;1;0;0;rt user juga jago bakar isu partai komunis indonesia komunis;1.0;0.0;0.0;1.0;0.0;1.0;0.0;0.0;0.0;0.0;1.0;0.0;
478;USER Tangkap aja itu jendral banci kayak prabowo yg bodoh;1;1;1;0;0;0;0;1;0;0;0;1;user tangkap saja itu jenderal banci kayak prabowo  bodoh;1.0;1.0;1.0;0.0;0.0;0.0;0.0;1.0;0.0;1.0;0.0;0.0;
497;Ajarin pake ht..liat pk ht..gunain nalar sblm mati..;1;0;1;0;0;0;0;0;1;1;0;0;ajarkan pakai hati lihat pak hati gunakan nalar sebelum mati ;0.0;0.0;0.0;0.0;0.0;0.0;0.0;0.0;0.0;0.0;0.0;0.0;
514;USER Titit lah anies ni, jangan jadi wapres prabowo anjenk';1;1;1;0;0;0;0;1;0;1;0;0;user titit  anies nih jangan jadi wakil presiden prabowo anjing ;1.0;1.0;1.0;0.0;0.0;0.0;0.0;0.0;1.0;1.0;0.0;0.0;
516;Mana la cina ni tahu tu kereta perempuan?\xf0\x9f\x98\x85';0;0;0;0;0;0;0;0;0;0;0;0;mana  cina nih tahu itu kereta perempuan ;1.0;0.0;0.0;1.0;0.0;1.0;0.0;0.0;0.0;0.0;1.0;0.0;
546;Malaysian is either Indian or Chinese so there is no really Malaysian people. HAHAHAHA #SEAGames2017 #ShameOnYouMalaysia;0;0;0;0;0;0;0;0;0;0;0;0;malaysian is either indian orang cina so there is no really malaysian people  sea games shame on you malaysia;1.0;0.0;0.0;1.0;0.0;1.0;0.0;0.0;0.0;0.0;1.0;0.0;
557;perempuan kaya lo mending mati aja deh, jelek aja, gausa sok jadi make up artist!;1;1;1;0;0;0;1;1;0;1;0;0;perempuan kaya kamu mending mati saja  jelek saja tidak usah sok jadi make up artist ;1.0;1.0;1.0;0.0;0.0;0.0;1.0;0.0;0.0;1.0;0.0;0.0;
565;"KARMA IS REAL BRO !! 
#GanyangMalaysia  https://twitter.com/SyedSaddiq/status/1199204705357848576ÃÂ Ã¢ÂÂ¦";1;0;0;1;0;0;0;0;1;0;1;0;karma is real bro ganyang malaysia ;0.0;0.0;0.0;0.0;0.0;0.0;0.0;0.0;0.0;0.0;0.0;0.0;
568;USER emang berani ... Indonesia kan bagian dari republik rakyat cina..;1;0;1;0;0;0;0;0;1;1;0;0;user memang berani indonesia  bagian dari republik rakyat cina ;1.0;0.0;1.0;0.0;0.0;1.0;0.0;0.0;0.0;1.0;0.0;0.0;
573;USER USER ONTA SIAPA YANG DIBALIK. KASIAN IH :(((((';0;0;0;0;0;0;0;0;0;0;0;0;user user unta siapa  dibalik kasihan  ;1.0;1.0;1.0;0.0;0.0;0.0;0.0;0.0;1.0;1.0;0.0;0.0;
580;USER Kapan tuh si BEJAT CABUL USER balik ? Pengecut si Onta itu ye...';1;1;1;0;0;0;0;1;0;1;0;0;user kapan itu  bejat cabul user balik pengecut  unta itu iya ;1.0;1.0;1.0;0.0;0.0;0.0;0.0;0.0;1.0;1.0;0.0;0.0;
585;USER Budek? Kamu bisa denger aku enggak? \\\\';1;1;1;0;0;0;1;0;0;1;0;0;user budek kamu bisa dengar aku tidak ;0.0;1.0;0.0;0.0;0.0;0.0;0.0;0.0;0.0;0.0;0.0;0.0;
598;Omongan Ahok TERBUKTI LAGI! Anies Sandi INGKAR JANJI Soal Reklamasi: URL melalui USER;1;0;0;1;0;0;0;0;1;0;1;0;omongan ahok terbukti lagi anies sandi ingkar janji soal reklamasi url melalui user;1.0;0.0;1.0;0.0;0.0;0.0;0.0;0.0;1.0;1.0;0.0;0.0;
603;Sementara itu USER kerjanya musuhi dakwah Islam & bubarkan HTI..! Rakyat jg berhak lengserkan jokowok tukang pencitraan!!;1;0;1;0;1;0;0;0;0;0;0;1;sementara itu user kerjanya memusuhi dakwah islam bubarkan hizbut tahrir indonesia rakyat juga berhak lengserkan jokowi kodok tukang pencitraan ;1.0;0.0;0.0;1.0;1.0;0.0;0.0;0.0;0.0;0.0;0.0;1.0;
608;"No Reasons For Give Up, Let's Fighting The Regime Chebong Fir'aun Ã¢ÂÂ¡Ã°ÂÂÂÃ°ÂÂÂ
#2019GantiPresiden
#2019PrabowoSandi
#2019PrabowoPresiden
#GerakanNasionalKedaulatanRakyat
#SaveOurDemocracy https://twitter.com/zaidfalevi/status/1130307594793340930ÃÂ Ã¢ÂÂ¦";1;0;0;1;0;0;0;0;1;0;0;1;no reasons for give up let fighting the regime kecebong fir aun ganti presiden prabowo sandi prabowo presiden gerakan nasional kedaulatan rakyat save our democracy ;1.0;0.0;0.0;1.0;0.0;0.0;0.0;0.0;1.0;0.0;1.0;0.0;
632;You copy my style, you copy again (n) #MalaysiaMiskinBudaya;1;0;0;1;0;0;0;0;1;0;1;0;you copy my gaya you copy again dan malaysia miskin budaya;0.0;0.0;0.0;0.0;0.0;0.0;0.0;0.0;0.0;0.0;0.0;0.0;
654;rt USER USER USER Tp kenapa jokowi tidak mau tes dna.?tes Dna lah yg bisa membuktikan nya bukan keturunan PKI;1;0;1;0;0;1;0;0;0;1;0;0;rt user user user tetapi kenapa jokowi tidak mau tes dna tes dna   bisa membuktikan  bukan keturunan partai komunis indonesia;0.0;0.0;0.0;0.0;0.0;0.0;0.0;0.0;0.0;0.0;0.0;0.0;
657;USER Jakarta diera Anies Sandi jg nambah pengangguran;1;0;0;1;0;0;0;0;1;0;1;0;user jakarta di era anies sandi juga menambah pengangguran;1.0;0.0;1.0;0.0;0.0;0.0;0.0;0.0;1.0;1.0;0.0;0.0;
688;Kamu transgender atau gmn anjing :( URL;1;1;1;0;0;0;0;1;0;1;0;0;kamu transgender atau bagaimana anjing url;0.0;1.0;0.0;0.0;0.0;0.0;0.0;0.0;0.0;0.0;0.0;0.0;
714;USER Bani?';0;0;0;0;0;0;0;0;0;0;0;0;user bani ;1.0;1.0;0.0;1.0;0.0;0.0;0.0;0.0;1.0;0.0;1.0;0.0;
721;USER Telor burung onta\n\ntdi nonton orang makan itu gede bgt gils';0;0;0;0;0;0;0;0;0;0;0;0;user telur burung unta tadi menonton orang makan itu besar banget gila ;0.0;1.0;0.0;0.0;0.0;0.0;0.0;0.0;0.0;0.0;0.0;0.0;
726;USER USER USER Biarin lbh bagus cungkring drpd gendut bisa autis\xf0\x9f\xa4\xa3\xf0\x9f\x98\x81\xe2\x9c\x8c\n#prabowo2periode';0;1;0;0;0;0;0;0;0;0;0;0;user user user biarkan lebih bagus cungkring daripada gendut bisa autis prabowo periode ;0.0;0.0;0.0;0.0;0.0;0.0;0.0;0.0;0.0;0.0;0.0;0.0;
729;USER Bener juga lu bangke';0;1;0;0;0;0;0;0;0;0;0;0;user benar juga kamu bangkai ;1.0;1.0;1.0;0.0;0.0;0.0;0.0;0.0;1.0;1.0;0.0;0.0;
736;USER USER USER USER USER Model cramah nya kaya jiancok Silit Celeng Gus Guss';1;1;1;0;0;0;0;0;1;1;0;0;user user user user user model ceramah  kaya jancuk silit celeng gus gus ;0.0;1.0;0.0;0.0;0.0;0.0;0.0;0.0;0.0;0.0;0.0;0.0;
743;Admin tolol di partai tolol\nPartai Tolol untuk orang Tolol';1;1;0;1;0;0;0;0;1;0;1;0;admin tolol di partai tolol partai tolol untuk orang tolol ;1.0;1.0;1.0;0.0;0.0;0.0;0.0;0.0;1.0;1.0;0.0;0.0;
756;"Dear Someone, You make me feel so special until you change and leave.
#PrabowoGila";0;0;0;0;0;0;0;0;0;0;0;0;dear someone you make me feel so spesial until you change and leave prabowo gila;0.0;1.0;0.0;0.0;0.0;0.0;0.0;0.0;0.0;0.0;0.0;0.0;
772;You can get gold medal you needddd cuz you're the host, but you wont deserve for world class. Pls teach me how to cheat #ShameOnYouMalaysia;1;0;0;1;0;0;0;0;1;0;1;0;you can get gold medal you need because you re the host but you wont deserve for world class tolong teach me how to cheat shame on you malaysia;0.0;0.0;0.0;0.0;0.0;0.0;0.0;0.0;0.0;0.0;0.0;0.0;
786;Dear HTI and FPI mind ur own business please.. Thx;0;0;0;0;0;0;0;0;0;0;0;0;dear hizbut tahrir indonesia and front pembela islam mind kamu own business please terima kasih;1.0;0.0;0.0;1.0;1.0;0.0;0.0;0.0;0.0;0.0;1.0;0.0;
788;USER USER USER usir rohingya dari indonesia, krn rohingya sudah menistakan gadis budha di myanmar.;1;0;0;1;0;1;0;0;0;0;0;1;user user user usir rohingya dari indonesia karena rohingya sudah menistakan gadis buddha di myanmar ;1.0;0.0;0.0;1.0;1.0;0.0;0.0;0.0;0.0;0.0;1.0;0.0;
813;#PDIPerjuanganMenang Mereka, kaum sipit mau menguasai tambang Indonesia, kalian ketawa saja. Dasar tidak punya nasionalisme Indonesia. Lebih baik tidak usah ikut Pemilu bagi kalian yang dukung 2 periode. Dan hasilnya Tambang Indonesia dikuasai sipit dan;1;1;0;1;0;1;0;0;0;0;1;0; partai demokrasi indonesia perjuangan menang mereka kaum sipit mau menguasai tambang indonesia kalian tertawa saja dasar tidak punya nasionalisme indonesia lebih baik tidak usah ikut pemilihan umum bagi kalian  dukung periode dan hasilnya tambang indonesia dikuasai sipit dan;1.0;0.0;0.0;1.0;0.0;0.0;0.0;0.0;1.0;0.0;1.0;0.0;
834;USER USER USER USER USER Lu yg lebih dongo, suporter kok promosiin film wkwkwk sampe ikut berpolitik jga wkwkk #AingPersibAingPolitik';1;1;1;0;0;0;0;0;1;1;0;0;user user user user user kamu  lebih dungu suporter  promosikan film  sampai ikut berpolitik juga  aku persib saya politik ;1.0;1.0;0.0;1.0;0.0;0.0;0.0;0.0;1.0;0.0;1.0;0.0;
851;USER USER USER USER USER USER USER USER edan ..edan... \npokoknya #2019GantiPresiden \ndan usir china china keparat gak tau malu';1;1;0;1;0;1;0;0;0;0;1;0;user user user user user user user user gila gila pokoknya ganti presiden dan usir cina cina keparat tidak tau malu ;1.0;1.0;1.0;0.0;0.0;1.0;0.0;0.0;0.0;1.0;0.0;0.0;
858;Hajar ndan.. ganyang PKI URL;1;0;0;1;0;1;0;0;0;0;1;0;hajar dan ganyang partai komunis indonesia url;1.0;0.0;0.0;1.0;0.0;1.0;0.0;0.0;0.0;0.0;0.0;1.0;
873;#jokowiMUNDUR  SAVE OUR INDONESIA !!!!!;0;0;0;0;0;0;0;0;0;0;0;0; jokowi mundur save our indonesia ;1.0;0.0;1.0;0.0;0.0;0.0;0.0;0.0;1.0;1.0;0.0;0.0;
887;USER USER Cebong mana ngerti';1;1;1;0;0;0;0;0;1;1;0;0;user user kecebong mana mengerti ;1.0;1.0;0.0;1.0;0.0;0.0;0.0;0.0;1.0;0.0;1.0;0.0;
903;USER kunyuk Asia...antek asing;1;1;1;0;0;0;0;0;1;1;0;0;user kunyuk asia antek asing;0.0;1.0;0.0;0.0;0.0;0.0;0.0;0.0;0.0;0.0;0.0;0.0;
917;USER Wah kesempatan neh langsung deh dimanfaatin buat pencitraaan oleh rezim..\xf0\x9f\xa4\xa3\xf0\x9f\xa4\xa3';0;0;0;0;0;0;0;0;0;0;0;0;user  kesempatan nih langsung  dimanfaatkan buat pencitraan oleh rezim ;1.0;0.0;1.0;0.0;0.0;0.0;0.0;0.0;1.0;1.0;0.0;0.0;
920;USER Aku melu KAFIR';0;0;0;0;0;0;0;0;0;0;0;0;user aku ikut kafir ;0.0;1.0;0.0;0.0;0.0;0.0;0.0;0.0;0.0;0.0;0.0;0.0;
926;fuck you gabener dan wagabener beserta teman2 bangsat lo.. my middle finger salute you all ÃÂ°ÃÂ¸Ã¢ÂÂÃ¢ÂÂ¢,,,,;1;1;0;1;0;0;0;0;1;0;1;0;fuck you tidak benar dan  tidak benar beserta teman teman bangsat kamu my tengah finger salut you all ;1.0;1.0;1.0;0.0;0.0;0.0;0.0;0.0;1.0;1.0;0.0;0.0;
944;Bisa jadi Warga Negara di INDONESIA\nitu seharusnya ANDA\nBANGGA.\nini malah bilank Soekarno PKI. \xe2\x80\x94 benar-benar marah';0;0;0;0;0;0;0;0;0;0;0;0;bisa jadi warga negara di indonesia itu seharusnya kamu bangga ini malah bilang soekarno partai komunis indonesia benar benar marah ;1.0;0.0;1.0;0.0;0.0;0.0;0.0;0.0;1.0;1.0;0.0;0.0;
952;USER POTONG ONTA SEPULUH CUKUP TYDACK';0;0;0;0;0;0;0;0;0;0;0;0;user potong unta sepuluh cukup tidak ;1.0;0.0;1.0;0.0;0.0;0.0;0.0;0.0;1.0;1.0;0.0;0.0;
991;USER USER USER Bawang putih itu sdg kafir haram lagi..\nHiks.hiks..hiks';1;1;1;0;0;0;0;0;1;1;0;0;user user user bawang putih itu sedang kafir haram lagi    ;0.0;0.0;0.0;0.0;0.0;0.0;0.0;0.0;0.0;0.0;0.0;0.0;
992;USER USER USER USER USER Kafir ada di Alquran....situ sehat???';0;0;0;0;0;0;0;0;0;0;0;0;user user user user user kafir ada di alquran kamu sehat ;1.0;1.0;1.0;0.0;1.0;0.0;0.0;0.0;0.0;1.0;0.0;0.0;
996;USER Indonesia 99% tetap ganti presiden kopanye nang ruhut #2019GantiPresiden #2019.;0;0;0;0;0;0;0;0;0;0;0;0;user indonesia tetap ganti presiden kampanye di ruhut ganti presiden ;1.0;0.0;1.0;0.0;0.0;0.0;0.0;0.0;1.0;1.0;0.0;0.0;
1020;USER USER USER USER USER Yang saya maksud domba idiot itu bukan ibu, tapi akun ini \xf0\x9f\x91\x89 USER \xf0\x9f\x91\x88';1;1;1;0;0;0;1;0;0;1;0;0;user user user user user  saya maksud domba idiot itu bukan ibu tapi akun ini user ;0.0;0.0;0.0;0.0;0.0;0.0;0.0;0.0;0.0;0.0;0.0;0.0;
1035;USER USER Penistaan bencong';0;0;0;0;0;0;0;0;0;0;0;0;user user penistaan bencong ;0.0;1.0;0.0;0.0;0.0;0.0;0.0;0.0;0.0;0.0;0.0;0.0;
1040;USER Cocok itu prabowo ke Myanmar naik kuda.;1;0;1;0;0;0;0;0;1;1;0;0;user cocok itu prabowo ke myanmar naik kuda ;1.0;1.0;1.0;0.0;0.0;0.0;0.0;0.0;1.0;1.0;0.0;0.0;
1049;USER Pak USER walau Anda Muslim jangan lihat posting ini sbgi kebencian, ditulis demi kemajuan bangsa;0;0;0;0;0;0;0;0;0;0;0;0;user pak user walau kamu muslim jangan lihat posting ini sebagai kebencian ditulis demi kemajuan bangsa;1.0;1.0;0.0;1.0;1.0;0.0;0.0;0.0;0.0;0.0;1.0;0.0;
1056;Kadrun itu kadal gurun toh, why the world never telling me this shit.;0;1;0;0;0;0;0;0;0;0;0;0;kadal gurun itu kadal gurun  kenapa the world never telling me this shit ;0.0;0.0;0.0;0.0;0.0;0.0;0.0;0.0;0.0;0.0;0.0;0.0;
1123;RT USER: Pak USER percayalah saya. anda agak susah bisa jadi presiden lagi. Percayalah fatwa Nabi Palsu...;1;0;1;0;0;0;0;0;1;1;0;0;rt user pak user percayalah saya kamu agak susah bisa jadi presiden lagi percayalah fatwa nabi palsu ;0.0;0.0;0.0;0.0;0.0;0.0;0.0;0.0;0.0;0.0;0.0;0.0;
1175;USER halah kntl';1;1;1;0;0;0;0;1;0;1;0;0;user  kontol ;0.0;1.0;0.0;0.0;0.0;0.0;0.0;0.0;0.0;0.0;0.0;0.0;
1190;USER USER Kafir kristen selalu buat ulah;1;1;0;1;1;0;0;0;0;0;1;0;user user kafir kristen selalu buat ulah;0.0;0.0;0.0;0.0;0.0;0.0;0.0;0.0;0.0;0.0;0.0;0.0;
1215;Yang bunuh orang ahmadiyah, syiah emang pki yaaa;1;0;0;1;0;1;0;0;0;0;1;0; bunuh orang ahmadiyah syiah memang partai komunis indonesia ;1.0;0.0;0.0;1.0;1.0;0.0;0.0;0.0;0.0;0.0;1.0;0.0;
1238;RT USER: Tonton dong yang ini USER USER USER meskipun di Hina, Di intimidasi. USER tetep dateng ke bandung\xe2\x80\xa6';0;0;0;0;0;0;0;0;0;0;0;0;rt user tonton   ini user user user meskipun di hina di intimidasi user tetap datang ke bandung ;1.0;1.0;1.0;0.0;0.0;0.0;0.0;0.0;1.0;1.0;0.0;0.0;
1250;USER USER USER USER USER dulu sahabat sekarang jadi bangsad';1;1;1;0;0;0;0;0;1;1;0;0;user user user user user dulu sahabat sekarang jadi bangsat ;0.0;1.0;0.0;0.0;0.0;0.0;0.0;0.0;0.0;0.0;0.0;0.0;
1267;USER Gaji Dpr mpr dan dpd aja....';0;0;0;0;0;0;0;0;0;0;0;0;user gaji dewan perwakilan rakyat majelis permusyawaratan rakyat dan dewan perwakilan daerah saja ;1.0;1.0;0.0;1.0;0.0;0.0;0.0;0.0;1.0;0.0;1.0;0.0;
1287;"You'll never walk alone
 USER  USER
#PrabowoSandi #2019GantiPresiden
#2019GaadaUN pic.twitter.com/2766nvsoAg";0;0;0;0;0;0;0;0;0;0;0;0;you ll never walk alone user user prabowo sandi ganti presiden tidak ada ujian nasional ;1.0;0.0;1.0;0.0;0.0;0.0;0.0;0.0;1.0;1.0;0.0;0.0;
1306;USER Ayo ngaku agama mu apa? Kristen? Protestan? Athies? Budha? Hindu? Ngaku dong, malu ya ama agama lo sendiri?';1;0;1;0;1;0;0;0;0;1;0;0;user ayo mengakui agama mu apa kristen protestan ateis buddha hindu mengakui  malu  sama agama kamu sendiri ;1.0;0.0;0.0;1.0;1.0;0.0;0.0;0.0;0.0;0.0;1.0;0.0;
1313;USER Lebih bagus kalau DPR yang di bubarkan;1;0;0;1;0;0;0;0;1;0;1;0;user lebih bagus kalau dewan perwakilan rakyat  di bubarkan;1.0;0.0;0.0;1.0;0.0;0.0;0.0;0.0;1.0;0.0;0.0;1.0;
1316;USER Pak USER sebagai pejabat negara, Anda hrs segera buat Kepres / RUU Islam Dilarang di Indonesia;1;0;0;1;1;0;0;0;0;0;0;1;user pak user sebagai pejabat negara kamu harus segera buat keputusan presiden rancangan undang undang islam dilarang di indonesia;1.0;0.0;0.0;1.0;1.0;0.0;0.0;0.0;0.0;0.0;1.0;0.0;
1324;Makanya USER itu bagian dari Koruptor.sebab dia paling kenceng minta KPK di bubarkan.fahrisetan URL;1;0;1;0;0;0;0;0;1;1;0;0;makanya user itu bagian dari koruptor sebab dia paling kencang meminta komisi pemberantasan korupsi di bubarkan fahri setan url;1.0;1.0;0.0;1.0;0.0;0.0;0.0;0.0;1.0;0.0;1.0;0.0;
1326;USER Mudah2an keluarga si gerung kena bom...';1;0;1;0;0;0;0;0;1;1;0;0;user mudah mudahan keluarga  gerung kena bom ;0.0;0.0;0.0;0.0;0.0;0.0;0.0;0.0;0.0;0.0;0.0;0.0;
1334;Saya SS fitnah anda !;0;0;0;0;0;0;0;0;0;0;0;0;saya screenshoot fitnah kamu ;1.0;0.0;1.0;0.0;0.0;0.0;0.0;0.0;1.0;1.0;0.0;0.0;
1344;USER Palestina antek aseng jg tohh....';1;0;0;1;0;1;0;0;0;0;1;0;user palestina antek asing juga  ;0.0;0.0;0.0;0.0;0.0;0.0;0.0;0.0;0.0;0.0;0.0;0.0;
1462;Indons : Alhamdulillah ya Allah udah nyelamatin anak2 Thailand \n\nThai : ??? yg nyelamatin kita manusia2 kapir. Bukan Tuhan lu, kontol!';1;1;1;0;0;0;0;1;0;1;0;0;indonesia alhamdulillah  allah sudah menyelamatkan anak anak thailand thailand  menyelamatkan kita manusia manusia kafir bukan tuhan kamu kontol ;0.0;1.0;0.0;0.0;0.0;0.0;0.0;0.0;0.0;0.0;0.0;0.0;
1469;Fuck the god damn kadal gurun;1;1;1;0;0;0;0;0;1;1;0;0;fuck the god damn kadal gurun;0.0;1.0;0.0;0.0;0.0;0.0;0.0;0.0;0.0;0.0;0.0;0.0;
1471;USER ...aku udik bangat si emang bisa gitu y di ta wan :(';0;0;0;0;0;0;0;0;0;0;0;0;user aku udik banget  memang bisa begitu iya di ta wan ;1.0;1.0;1.0;0.0;0.0;0.0;0.0;0.0;1.0;1.0;0.0;0.0;
1497;USER BENCONG TREAK BENCONG';1;1;1;0;0;0;0;1;0;1;0;0;user bencong teriak bencong ;0.0;1.0;0.0;0.0;0.0;0.0;0.0;0.0;0.0;0.0;0.0;0.0;
1511;USER USER Tong kemana waktu pak presiden dihina';0;0;0;0;0;0;0;0;0;0;0;0;user user tong kemana waktu pak presiden dihina ;1.0;0.0;1.0;0.0;0.0;0.0;0.0;0.0;1.0;1.0;0.0;0.0;
1513;RT USER benci sekali dgn Umat Islam;1;0;0;1;1;0;0;0;0;0;1;0;rt user benci sekali dengan umat islam;1.0;0.0;1.0;0.0;1.0;0.0;0.0;0.0;0.0;1.0;0.0;0.0;
1554;USER Bajingan emang lo pada.';1;1;0;1;0;0;0;0;1;0;1;0;user bajingan memang kamu pada ;1.0;1.0;1.0;0.0;0.0;0.0;0.0;0.0;1.0;1.0;0.0;0.0;
1594;"bangsat, hampir nangis gua ÃÂ°ÃÂ¸ÃÂÃÂ­ÃÂ°ÃÂ¸ÃÂÃÂ­ÃÂ°ÃÂ¸ÃÂÃÂ­
fuck you. respect ÃÂ¢Ã¯Â¿Â½ÃÂ,,,,";0;1;0;0;0;0;0;0;0;0;0;0;bangsat hampir menangis aku fuck you respect ;1.0;1.0;1.0;0.0;0.0;0.0;0.0;0.0;1.0;1.0;0.0;0.0;
1616;Have you seen his kontal kontol tweets if you cant stand his blunder WAIT UNTIL YOU SEE THEM;0;1;0;0;0;0;0;0;0;0;0;0;have you seen his kontol kontol twit if you cant stand his blunder tunggu until you see them;1.0;1.0;1.0;0.0;0.0;0.0;0.0;0.0;1.0;1.0;0.0;0.0;
1626;USER Antek aseng komunis kapitalis;1;0;1;0;0;1;0;0;0;1;0;0;user antek asing komunis kapitalis;1.0;0.0;0.0;1.0;0.0;1.0;0.0;0.0;0.0;0.0;1.0;0.0;
1636;BRENGSEK BANGET SIH PUNYA MEMBER URL;1;1;0;1;0;0;0;0;1;0;1;0;berengsek banget  punya member url;0.0;1.0;0.0;0.0;0.0;0.0;0.0;0.0;0.0;0.0;0.0;0.0;
1665;"These are Indonesian people who want change ... !!

Goodbye Jokowi ... !!ÃÂ 
#TheGreatCampaignOfPrabowo
#10HariLagiGantiPresiden
#10HariLagiLebaranAkalSehat
#2019GantiPresiden  pic.twitter.com/eUOsptKuyu";0;0;0;0;0;0;0;0;0;0;0;0;these are indonesian people who want change good bye jokowi the great campaign of prabowo hari lagi ganti presiden hari lagi lebaran akal sehat ganti presiden ;1.0;0.0;1.0;0.0;0.0;0.0;0.0;0.0;1.0;1.0;0.0;0.0;
1670;Kak...kak...kak...kak...pd manggil kak semua, kyk lg ngeladeni adek2 imut culun di bawah umur, males ahh';0;1;0;0;0;0;0;0;0;0;0;0;kakak kakak kakak kakak pada memanggil kakak semua seperti lagi meladeni adik adik imut culun di bawah umur malas  ;0.0;0.0;0.0;0.0;0.0;0.0;0.0;0.0;0.0;0.0;0.0;0.0;
1676;USER Hidup pak jokowi ada layak menjadi presiden 5 tahun ke depan lagi;0;0;0;0;0;0;0;0;0;0;0;0;user hidup pak jokowi ada layak menjadi presiden tahun ke depan lagi;1.0;0.0;1.0;0.0;0.0;0.0;0.0;0.0;1.0;1.0;0.0;0.0;
1689;USER Antek komunis Kejang kejang;1;0;0;1;0;1;0;0;0;0;1;0;user antek komunis kejang kejang;0.0;0.0;0.0;0.0;0.0;0.0;0.0;0.0;0.0;0.0;0.0;0.0;
1703;Setnov BEBAS. So BUAT apa msh mendukung USER . BUBARkan lalu BENTUK lembaga BARU yg lebih BERSIH. USER USER USER;1;0;0;1;0;0;0;0;1;0;0;1;setya novanto bebas so buat apa masih mendukung user bubarkan lalu bentuk lembaga baru  lebih bersih user user user;1.0;0.0;1.0;0.0;0.0;0.0;0.0;0.0;1.0;1.0;0.0;0.0;
1763;USER Mana suaranya cebong.... ??????? \nKeluar kolam dunk...dunk...dunk \xf0\x9f\x98\x81\xf0\x9f\x98\x81\xf0\x9f\x98\x81';1;1;1;0;0;0;0;0;1;1;0;0;user mana suaranya kecebong keluar kolam    ;1.0;1.0;0.0;1.0;0.0;0.0;0.0;0.0;1.0;0.0;1.0;0.0;
1765;USER Demo lagi sana ke KPK, tp bawa pasukan nasi bungkus yg lebih banyak biar gak malu2in \xf0\x9f\x98\x82\xf0\x9f\x98\x82\xf0\x9f\x98\x82';0;0;0;0;0;0;0;0;0;0;0;0;user demo lagi sana ke komisi pemberantasan korupsi tetapi bawa pasukan nasi bungkus  lebih banyak biar tidak memalukan ;1.0;0.0;0.0;1.0;0.0;0.0;0.0;0.0;1.0;0.0;1.0;0.0;
1790;Semoga Panglima TNI bisa menyelamatkan NKRI dari para penjual aset negara dan dari antek-antek komunis;1;0;0;1;0;1;0;0;0;0;1;0;semoga panglima tentara nasional indonesia bisa menyelamatkan negara kesatuan republik indonesia dari para penjual aset negara dan dari antek antek komunis;1.0;0.0;0.0;1.0;0.0;0.0;0.0;0.0;1.0;0.0;1.0;0.0;
1805;RT USER USER Karna mreka yakin bila melawan lg PS akan kmbali kalah lawan JKW.;1;0;1;0;0;0;0;0;1;1;0;0;rt user user karena mereka yakin bila melawan lagi play station akan kembali kalah lawan jokowi ;1.0;0.0;0.0;1.0;0.0;0.0;0.0;0.0;1.0;0.0;1.0;0.0;
1834;USER Yg salah cuma kaum cebong...lah situ kaum cebong bukan';1;1;1;0;0;0;0;0;1;1;0;0;user  salah hanya kaum kecebong  kamu kaum kecebong bukan ;1.0;1.0;0.0;1.0;0.0;0.0;0.0;0.0;1.0;0.0;1.0;0.0;
1835;Diem-diem bae, Rupiah makin nyungsep atas dolar. sudah tembus Rp. 14.441 aja. Sebenernya gua malah seneng kalo langsung tembus 16 ribu. biar cepet lengser ni rezim kodok!';1;1;1;0;0;0;0;0;1;1;0;0;diam diam saja rupiah semakin nyungsep atas dolar sudah tembus rupiah saja sebenarnya aku malah senang kalau langsung tembus ribu biar cepat lengser nih rezim kodok ;0.0;0.0;0.0;0.0;0.0;0.0;0.0;0.0;0.0;0.0;0.0;0.0;
1854;USER Mana aku tahu, aku kan cebong..';0;0;0;0;0;0;0;0;0;0;0;0;user mana aku tahu aku  kecebong ;1.0;1.0;1.0;0.0;0.0;0.0;0.0;0.0;1.0;1.0;0.0;0.0;
1859;Pagi pagi sudah galau\n\nGalau ke kampus ikut try out atau tidak\n\nNanti di tengah2 mencret kan ga lucu :(';0;0;0;0;0;0;0;0;0;0;0;0;pagi pagi sudah galau galau ke kampus ikut try out atau tidak nanti di tengah tengah mencret  tidak lucu ;0.0;1.0;0.0;0.0;0.0;0.0;0.0;0.0;0.0;0.0;0.0;0.0;
1933;USER Udh Tambah Susah Nyari Kerja, Tapi TKA CiNa Bebas Masuk. Di Tambah PHK Di Berbagai Tempat. #2019GantiPresiden';0;0;0;0;0;0;0;0;0;0;0;0;user sudah tambah susah mencari kerja tapi tenaga kerja asing cina bebas masuk di tambah pemutusan hubungan kerja di berbagai tempat ganti presiden ;1.0;0.0;1.0;0.0;0.0;0.0;0.0;0.0;1.0;1.0;0.0;0.0;
1942;Why Malaysian is hurt when they see #ShameOnYouMalaysia ? haha;0;0;0;0;0;0;0;0;0;0;0;0;kenapa malaysian is hurt when they see shame on you malaysia ;1.0;0.0;0.0;1.0;0.0;0.0;0.0;0.0;1.0;0.0;1.0;0.0;
1947;USER USER USER alaaa bodoh aseng ni. \xf0\x9f\x98\x82\xf0\x9f\x98\x82\xf0\x9f\x98\x82';1;1;1;0;0;0;0;0;1;1;0;0;user user user  bodoh asing nih ;0.0;1.0;0.0;0.0;0.0;0.0;0.0;0.0;0.0;0.0;0.0;0.0;
1964;#ShameOnYouMalaysia Malaysia you ugly;1;1;0;1;0;0;1;0;0;0;1;0; shame on you malaysia malaysia you ugly;1.0;0.0;0.0;1.0;0.0;0.0;0.0;0.0;1.0;0.0;1.0;0.0;
1992;USER Kampang memang';1;1;0;1;0;0;0;0;1;0;1;0;user kampang memang ;1.0;1.0;1.0;0.0;0.0;0.0;0.0;0.0;1.0;1.0;0.0;0.0;
1993;USER Ngewe trus krj qm.sekali2 donk ma kita2.hehe';0;1;0;0;0;0;0;0;0;0;0;0;user ngewe terus kerja kamu sekali kali  sama kita kita  ;0.0;0.0;0.0;0.0;0.0;0.0;0.0;0.0;0.0;0.0;0.0;0.0;
1994;USER USER Goblok permanen....\xf0\x9f\x98\xad';1;1;1;0;0;0;0;0;1;1;0;0;user user goblok permanen ;0.0;1.0;0.0;0.0;0.0;0.0;0.0;0.0;0.0;0.0;0.0;0.0;
2070;RT USER: Admin tolol di partai tolol\nPartai Tolol untuk orang Tolol';1;1;0;1;0;0;0;0;1;0;1;0;rt user admin tolol di partai tolol partai tolol untuk orang tolol ;1.0;1.0;1.0;0.0;0.0;0.0;0.0;0.0;1.0;1.0;0.0;0.0;
2072;Can anyone please explain what #PrabowoGila and #PrabowoHalu actually mean?;1;1;1;0;0;0;0;0;1;1;0;0;can anyone please explain apa prabowo gila and prabowo halu actualy mean ;0.0;1.0;0.0;0.0;0.0;0.0;0.0;0.0;0.0;0.0;0.0;0.0;
2090;USER USER Cebong kapir munafik alay goblok hahahaha';1;1;1;0;0;0;0;0;1;1;0;0;user user kecebong kafir munafik alay goblok  ;1.0;1.0;1.0;0.0;1.0;0.0;0.0;0.0;0.0;1.0;0.0;0.0;
2109;USER gila ya jaman sekarang? orang goblok bisa main twitter';1;1;1;0;0;0;0;0;1;1;0;0;user gila  zaman sekarang orang goblok bisa main twitter ;0.0;1.0;0.0;0.0;0.0;0.0;0.0;0.0;0.0;0.0;0.0;0.0;
2117;USER USER USER Pada akhirnya para bangkai ditemukan;1;1;1;0;0;0;0;0;1;1;0;0;user user user pada akhirnya para bangkai ditemukan;0.0;0.0;0.0;0.0;0.0;0.0;0.0;0.0;0.0;0.0;0.0;0.0;
2118;"USER USER USER Eh LGBT gak ush lo bilang"" gua ganteng,sory gua Normal dan suka Cwe beda sama lo yg doyan laki !'";0;1;0;0;0;0;0;0;0;0;0;0;user user user  lesbian gay bisexual transgender tidak  kamu bilang aku ganteng maaf aku normal dan suka wanita beda sama kamu  suka pria ;0.0;0.0;0.0;0.0;0.0;0.0;0.0;0.0;0.0;0.0;0.0;0.0;
2119;USER USER Pki bangkit??';0;0;0;0;0;0;0;0;0;0;0;0;user user partai komunis indonesia bangkit ;1.0;0.0;1.0;0.0;0.0;0.0;0.0;0.0;1.0;1.0;0.0;0.0;
2157;USER USER USER USER USER USER cebong dongok...dah kalah malah gila :))';1;1;0;1;0;0;1;0;0;0;1;0;user user user user user user kecebong dungu sudah kalah malah gila ;1.0;1.0;1.0;0.0;0.0;0.0;0.0;0.0;1.0;1.0;0.0;0.0;
2204;"USER Gw merasa bego lu jwb begitu mulu --""'";0;1;0;0;0;0;0;0;0;0;0;0;user aku merasa bego kamu jawab begitu mulu ;1.0;1.0;1.0;0.0;0.0;0.0;0.0;0.0;1.0;1.0;0.0;0.0;
2266;USER Guwe anjing penasaran iya iya lah bisa ngomong, maju lu sini garuda kuping budek';1;1;1;0;0;0;1;0;0;1;0;0;user aku anjing penasaran iya iya  bisa bicara maju kamu sini garuda kuping budek ;0.0;1.0;0.0;0.0;0.0;0.0;0.0;0.0;0.0;0.0;0.0;0.0;
2287;Hmm, Ganti presiden apa lanjutkan~;0;0;0;0;0;0;0;0;0;0;0;0; ganti presiden apa lanjutkan ;1.0;0.0;1.0;0.0;0.0;0.0;0.0;0.0;1.0;1.0;0.0;0.0;
2288;"USER yakin #2019GantiPresiden ; insyaallah ; #TGBZainulMajdi2019 #TGBPemimpinUmat ; #TGBforIndonesia2019 #KamiMauTGB";1;0;1;0;0;0;0;0;1;1;0;0;user yakin ganti presiden insyaallah tuan guru bajang zainul majdi tuan guru bajang pemimpin umat tuan guru bajang untuk indonesia kami mau tuan guru bajang;0.0;0.0;0.0;0.0;0.0;0.0;0.0;0.0;0.0;0.0;0.0;0.0;
2294;USER Professor gini kamu bilang bloon? :)';0;1;0;0;0;0;0;0;0;0;0;0;user profesor begini kamu bilang beloon ;1.0;1.0;1.0;0.0;0.0;0.0;0.0;0.0;1.0;1.0;0.0;0.0;
2309;USER Pengen eek di kamar mandi tapi ada kecoa ih aq takut \xf0\x9f\x98\xad\xf0\x9f\x98\xad\xf0\x9f\x98\xad\xf0\x9f\x98\xad\xf0\x9f\x98\xad\xf0\x9f\x98\xad\xf0\x9f\x98\xad\xf0\x9f\x98\xad\xf0\x9f\x98\xad\xf0\x9f\x98\xad\xf0\x9f\x98\xad';0;0;0;0;0;0;0;0;0;0;0;0;user ingin tai di kamar mandi tapi ada kecoak  aku takut ;0.0;1.0;0.0;0.0;0.0;0.0;0.0;0.0;0.0;0.0;0.0;0.0;
2315;USER Indahnya cocot...';0;1;0;0;0;0;0;0;0;0;0;0;user indahnya cocot ;1.0;1.0;1.0;0.0;0.0;0.0;0.0;0.0;1.0;1.0;0.0;0.0;
2317;USER Shia kafir. \xf0\x9f\x98\x82';1;1;1;0;1;0;0;0;0;1;0;0;user syiah kafir ;0.0;1.0;0.0;0.0;0.0;0.0;0.0;0.0;0.0;0.0;0.0;0.0;
2322;Selamat Hari Kartini 2018. Perempuan hebat untuk Indonesia Maju -Jkw;0;0;0;0;0;0;0;0;0;0;0;0;selamat hari kartini perempuan hebat untuk indonesia maju jokowi;1.0;0.0;1.0;0.0;0.0;0.0;0.0;0.0;1.0;1.0;0.0;0.0;
2352;USER kaum ZIONIS sontoloyo!';1;1;0;1;1;0;0;0;0;0;1;0;user kaum zionis sontoloyo ;1.0;1.0;0.0;1.0;0.0;0.0;0.0;0.0;1.0;0.0;1.0;0.0;
2405;Being gay in Indonesia is sucks.;0;1;0;0;0;0;0;0;0;0;0;0;being gay in indonesia is sucks ;1.0;1.0;0.0;1.0;0.0;0.0;0.0;1.0;0.0;0.0;1.0;0.0;
2411;USER USER USER hebat bener ya bilang munafik. Perlu cermin ga \xf0\x9f\x98\x82\xf0\x9f\x98\x82\xf0\x9f\x98\x82\xf0\x9f\x98\x82';1;1;1;0;0;0;0;0;1;1;0;0;user user user hebat benar  bilang munafik perlu cermin tidak ;1.0;0.0;1.0;0.0;0.0;0.0;0.0;0.0;1.0;1.0;0.0;0.0;
2416;Gimana lae USER ? tapi ah bentar lagi aja kok kan #2019GantiPresiden;1;0;1;0;0;0;0;0;1;1;0;0;bagaimana lae user tapi  bentar lagi saja   ganti presiden;0.0;0.0;0.0;0.0;0.0;0.0;0.0;0.0;0.0;0.0;0.0;0.0;
2447;USER USER Ngrebut saham? Utang lagi...utang lagi...tukang tipu. Duit utangan trus dipakai utk pencitraan. Soplak bener rezim ini';1;1;1;0;0;0;0;0;1;1;0;0;user user merebut saham utang lagi utang lagi tukang tipu duit pinjaman terus dipakai untuk pencitraan somplak benar rezim ini ;1.0;0.0;1.0;0.0;0.0;0.0;0.0;0.0;1.0;1.0;0.0;0.0;
2451;USER Ihh yg bener anjirr jahat elu mah bodo bodo';0;1;0;0;0;0;0;0;0;0;0;0;user   benar anjir jahat kamu  bodoh bodoh ;1.0;1.0;1.0;0.0;0.0;0.0;0.0;0.0;1.0;1.0;0.0;0.0;
2489;Malaysian, you are stupid dog!#GanyangMalaysia;1;1;0;1;0;0;0;0;1;0;1;0;malaysian you are bodoh dog ganyang malaysia;1.0;0.0;0.0;1.0;0.0;0.0;0.0;0.0;1.0;0.0;1.0;0.0;
2497;USER ngmg apasi kntl';1;1;1;0;0;0;0;0;1;1;0;0;user berbicara apa  kontol ;0.0;1.0;0.0;0.0;0.0;0.0;0.0;0.0;0.0;0.0;0.0;0.0;
2505;USER USER apaan goblog ga nyambung';0;1;0;0;0;0;0;0;0;0;0;0;user user apaan goblok tidak menyambung ;1.0;1.0;1.0;0.0;0.0;0.0;0.0;0.0;1.0;1.0;0.0;0.0;
2511;Mantan itu perlu di kasi bunga biar lebih so sweet dikit, bunga bangke maksudnya :|';0;1;0;0;0;0;0;0;0;0;0;0;mantan itu perlu di kasih bunga biar lebih so sweet sedikit bunga bangkai maksudnya ;0.0;0.0;0.0;0.0;0.0;0.0;0.0;0.0;0.0;0.0;0.0;0.0;
2533;No wonder why Hitler want to kill all bangsa yahudi .;1;0;0;1;1;0;0;0;0;0;1;0;no wonder kenapa hitler want to kill all bangsa yahudi ;0.0;0.0;0.0;0.0;0.0;0.0;0.0;0.0;0.0;0.0;0.0;0.0;
2536;44. Dengan cara itu gerombolan USER USER dan Rizieq FPI terus bisa memainkan isu Pemerintah Jokowi pro PKI. USER.;1;0;1;0;0;1;0;0;0;1;0;0; dengan cara itu gerombolan user user dan rizieq front pembela islam terus bisa memainkan isu pemerintah jokowi pro partai komunis indonesia user ;1.0;0.0;0.0;1.0;0.0;1.0;0.0;0.0;0.0;0.0;1.0;0.0;
2551;Bangsa ini harus berani membahas secara terbuka dan beradab, Islam bukan agama, melainkan ajaran sesat yang merugikan;1;1;0;1;1;0;0;0;0;0;1;0;bangsa ini harus berani membahas secara terbuka dan beradab islam bukan agama melainkan ajaran sesat  merugikan;0.0;0.0;0.0;0.0;0.0;0.0;0.0;0.0;0.0;0.0;0.0;0.0;
2556;USER Ga mau ah, pak rt nya bolot :(';0;1;0;0;0;0;0;0;0;0;0;0;user tidak mau  pak rt  bolot ;1.0;1.0;1.0;0.0;0.0;0.0;1.0;0.0;0.0;1.0;0.0;0.0;
2586;USER Klo manusia kapir twit nya spt ini \xf0\x9f\x91\x86';1;1;1;0;0;0;0;0;1;1;0;0;user kalau manusia kafir twit  seperti ini ;0.0;1.0;0.0;0.0;0.0;0.0;0.0;0.0;0.0;0.0;0.0;0.0;
2605;USER Hehehe emang kampang fandom itu';0;1;0;0;0;0;0;0;0;0;0;0;user  memang kampang fandom itu ;1.0;1.0;1.0;0.0;0.0;0.0;0.0;0.0;1.0;1.0;0.0;0.0;
2607;There's no difference between munafik and hypocrite. Both are you;1;0;1;0;0;0;0;0;1;1;0;0;there no difference between munafik and hypocrite both are you;1.0;1.0;1.0;0.0;0.0;0.0;0.0;0.0;1.0;1.0;0.0;0.0;
2649;USER Emang jablay kan, ga modal, ga mau usaha';1;1;1;0;0;0;0;0;1;1;0;0;user memang jablay  tidak modal tidak mau usaha ;1.0;1.0;1.0;0.0;0.0;0.0;0.0;1.0;0.0;1.0;0.0;0.0;
2664;Modal cocot doang juga bisa saya mas';0;1;0;0;0;0;0;0;0;0;0;0;modal cocot saja juga bisa saya mas ;1.0;1.0;1.0;0.0;0.0;0.0;0.0;0.0;1.0;1.0;0.0;0.0;
2676;RT USER: Himpunan\nTai\nIblis';0;1;0;0;0;0;0;0;0;0;0;0;rt user himpunan tai iblis ;1.0;1.0;1.0;0.0;0.0;0.0;0.0;0.0;1.0;1.0;0.0;0.0;
2682;USER para alumni gak demo tuh, bawang aseng di import , wkwkwkwk';0;0;0;0;0;0;0;0;0;0;0;0;user para alumni tidak demo itu bawang asing di impor  ;1.0;0.0;1.0;0.0;0.0;0.0;0.0;0.0;1.0;1.0;0.0;0.0;
2714;USER USER USER Sang Gubernur sibuk jalan2, sang Wagub sibuk mau ngganti Presiden.\nJadi yaaaa sudahlah....';1;0;1;0;0;0;0;0;1;1;0;0;user user user sang gubernur sibuk jalan jalan sang wakil gubernur sibuk mau mengganti presiden jadi  sudahlah ;0.0;0.0;0.0;0.0;0.0;0.0;0.0;0.0;0.0;0.0;0.0;0.0;
2719;RT USER: USER Bejad pokonya dah';0;1;0;0;0;0;0;0;0;0;0;0;rt user user bejat pokoknya sudah ;1.0;1.0;0.0;1.0;0.0;0.0;0.0;0.0;1.0;0.0;1.0;0.0;
2725;"Cuma cowok brengsek &amp; pengecut yg membuat seorang cewek trus berharap'";1;1;0;1;0;0;0;1;0;0;1;0;hanya pria berengsek pengecut  membuat seorang wanita terus berharap ;0.0;1.0;0.0;0.0;0.0;0.0;0.0;0.0;0.0;0.0;0.0;0.0;
2751;USER USER Begitulah cara komunis bermain.';0;0;0;0;0;0;0;0;0;0;0;0;user user begitulah cara komunis bermain ;1.0;0.0;1.0;0.0;0.0;1.0;0.0;0.0;0.0;1.0;0.0;0.0;
2759;PKI akan bangkit;1;0;0;1;0;1;0;0;0;0;1;0;partai komunis indonesia akan bangkit;1.0;0.0;1.0;0.0;0.0;0.0;0.0;0.0;1.0;1.0;0.0;0.0;
2797;Fuck give away kingdom.. bangsa BAR2 anjing #ShameOnYouSyedSaddiq;1;1;0;1;0;0;0;0;1;0;1;0;fuck give away kingdom bangsa bar bar anjing shame on you syed saddiq;0.0;1.0;0.0;0.0;0.0;0.0;0.0;0.0;0.0;0.0;0.0;0.0;
2809;Cewe berengsek fuck you .;1;1;1;0;0;0;0;0;1;1;0;0;wanita berengsek fuck you ;0.0;1.0;0.0;0.0;0.0;0.0;0.0;0.0;0.0;0.0;0.0;0.0;
2814;USER pecun ku URL;0;1;0;0;0;0;0;0;0;0;0;0;user pecun aku url;1.0;1.0;1.0;0.0;0.0;0.0;0.0;1.0;0.0;1.0;0.0;0.0;
2864;Itu juga boleh bila perlu lengserkan ni orang pada dasarnya pengecut jokowi;1;0;1;0;0;0;0;0;1;1;0;0;itu juga boleh bila perlu lengserkan nih orang pada dasarnya pengecut jokowi;1.0;0.0;1.0;0.0;0.0;0.0;0.0;0.0;1.0;0.0;0.0;1.0;
2891;RT USER: Ustad goblog nih..dia ga tau ada kafir yg sunat.. umat Yahudi..bahkan dari bayi..ga kayak dia uda ngerti coli baru sunat..muka\xe2\x80\xa6';1;1;1;0;1;0;0;1;0;1;0;0;rt user ustad goblok nih dia tidak tau ada kafir  sunat umat yahudi bahkan dari bayi tidak kayak dia sudah mengerti coli baru sunat muka ;1.0;1.0;1.0;0.0;1.0;0.0;0.0;0.0;0.0;1.0;0.0;0.0;
2895;USER Jablay gitu bazeng:((';1;1;1;0;0;0;0;1;0;1;0;0;user jablay begitu anjir ;0.0;1.0;0.0;0.0;0.0;0.0;0.0;0.0;0.0;0.0;0.0;0.0;
2896;USER USER USER .\nOnta mati klo kebanyakan Minum';1;0;0;1;0;0;0;0;1;0;1;0;user user user unta mati kalau kebanyakan minum ;1.0;1.0;1.0;0.0;0.0;0.0;0.0;0.0;1.0;1.0;0.0;0.0;
2942;Btw happy not heppy,kampunganÃ°ÂÂÂÃ°ÂÂÂÃ°ÂÂÂÃ°ÂÂÂ;0;0;0;0;0;0;0;0;0;0;0;0;by the way happy not happy kampungan ;0.0;1.0;0.0;0.0;0.0;0.0;0.0;0.0;0.0;0.0;0.0;0.0;
2994;"Orang yg suka merusak generasi muda adalah manusia ateis atau komunis.; #2019GantiPresiden";0;0;0;0;0;0;0;0;0;0;0;0;orang  suka merusak generasi muda adalah manusia ateis atau komunis ganti presiden;1.0;0.0;0.0;1.0;0.0;1.0;0.0;0.0;0.0;0.0;1.0;0.0;
2996;"USER USER taman rezim skrg di 2019; rakyat sudah muak; #2019GantiPresiden";1;0;0;1;0;0;0;0;1;0;1;0;user user taman rezim sekarang di rakyat sudah muak ganti presiden;1.0;0.0;1.0;0.0;0.0;0.0;0.0;0.0;1.0;1.0;0.0;0.0;
2997;"50% of my group's friend talk about pilpres and he talk not true fact. And he always say ""rezim bejat"". Shit.";0;1;0;0;0;0;0;0;0;0;0;0; of my grup friend talk about pemilihan presiden and he talk not true fact and he always say rezim bejat shit ;1.0;1.0;1.0;0.0;0.0;0.0;0.0;0.0;1.0;1.0;0.0;0.0;
3002;USER USER USER USER USER USER USER USER USER USER USER USER USER Daripada kau Bodat KOMUNIS TOLOL';1;1;1;0;0;1;0;0;0;1;0;0;user user user user user user user user user user user user user daripada kamu monyet komunis tolol ;1.0;1.0;1.0;0.0;0.0;0.0;0.0;0.0;1.0;1.0;0.0;0.0;
3027;Bullshit, Presiden for all what?? presiden for his community, yes but not for all, look at whats happened to the Indonesian majority during 2014 to 2019.;1;1;1;0;0;0;0;0;1;1;0;0;bullshit presiden for all apa presiden for his community iya but not for all look at apa happened to the indonesian mayoritas during to ;0.0;1.0;0.0;0.0;0.0;0.0;0.0;0.0;0.0;0.0;0.0;0.0;
3032;USER Semoga ente di laknat Allah karena merusak islam dari dalam..;1;0;1;0;1;0;0;0;0;1;0;0;user semoga kamu di laknat allah karena merusak islam dari dalam ;1.0;1.0;0.0;1.0;1.0;0.0;0.0;0.0;0.0;0.0;1.0;0.0;
3048;bikin rusuh negara supaya perusahaan tambang asing bisa masuk;1;0;1;0;0;0;0;0;1;1;0;0;buat rusuh negara supaya perusahaan tambang asing bisa masuk;0.0;0.0;0.0;0.0;0.0;0.0;0.0;0.0;0.0;0.0;0.0;0.0;
3078;beneran sinting itu orang huf';1;1;1;0;0;0;1;0;0;1;0;0;benaran sinting itu orang  ;0.0;1.0;0.0;0.0;0.0;0.0;0.0;0.0;0.0;0.0;0.0;0.0;
3080;USER USER USER Makanya cebong ber IQ200 sekolam, karena gak bisa bedain fakta dengan provokasi, gak bisa bedain fakta dgn fitnah';1;1;1;0;0;0;0;0;1;1;0;0;user user user makanya kecebong ber iq sekolam karena tidak bisa bedakan fakta dengan provokasi tidak bisa bedakan fakta dengan fitnah ;1.0;0.0;0.0;1.0;0.0;0.0;0.0;0.0;1.0;0.0;1.0;0.0;
3110;RT USER Bisanya cuma bikin pernyataan yg g baik bikin malu prabowo;1;0;1;0;0;0;0;0;1;1;0;0;rt user bisanya hanya buat pernyataan  tidak baik buat malu prabowo;1.0;1.0;1.0;0.0;0.0;0.0;0.0;0.0;1.0;1.0;0.0;0.0;
3118;USER Sama seperti indonesia harus ada perubahan caranya #2019GantiPresiden;0;0;0;0;0;0;0;0;0;0;0;0;user sama seperti indonesia harus ada perubahan caranya ganti presiden;1.0;0.0;1.0;0.0;0.0;0.0;0.0;0.0;1.0;1.0;0.0;0.0;
3162;Jelaskan terus Islam yg SEBENARNYA, satu titik masyarakat akan sadar Islam BERBAHAYA USER tp pd satu titik;1;0;0;1;1;0;0;0;0;0;1;0;jelaskan terus islam  sebenarnya satu titik masyarakat akan sadar islam berbahaya user tetapi pada satu titik;0.0;0.0;0.0;0.0;0.0;0.0;0.0;0.0;0.0;0.0;0.0;0.0;
3181;Dear Malaysia, copy cat is not good, better copy susu #ups #TorTorPunyaIndonesia #MalaysiaMiskinBudaya #sumpahpemuda  USER;1;0;0;1;0;0;0;0;1;0;1;0;dear malaysia copy cat is not good better copy susu  tortor punya indonesia malaysia miskin budaya sumpah pemuda user;0.0;0.0;0.0;0.0;0.0;0.0;0.0;0.0;0.0;0.0;0.0;0.0;
3208;USER Itu lagi ngomong bacot dalem ati';0;1;0;0;0;0;0;0;0;0;0;0;user itu lagi bicara bacot dalam hati ;1.0;1.0;1.0;0.0;0.0;0.0;0.0;0.0;1.0;1.0;0.0;0.0;
3219;USER serius ini rezim anti Islam?! Ga suka jokowi boleh tapi jangan ngajak2 umat Islam membenci jokowi! URL;1;0;1;0;0;0;0;0;1;1;0;0;user serius ini rezim anti islam tidak suka jokowi boleh tapi jangan mengajak umat islam membenci jokowi url;1.0;0.0;1.0;0.0;1.0;0.0;0.0;0.0;0.0;1.0;0.0;0.0;
3227;USER prlu bntu-an kusiap dbwh memek mbk.';0;1;0;0;0;0;0;0;0;0;0;0;user perlu bantu an aku siap di bawah memek mbak ;0.0;0.0;0.0;0.0;0.0;0.0;0.0;0.0;0.0;0.0;0.0;0.0;
3235;USER Berharap sama rezim ini ane rasa mustahil. Namun pesan ane buat USER ada nih bahan bwt pencitraan untuk Pilpres 2019 gantipresiden\xf0\x9f\xa4\xaa\xf0\x9f\xa4\xaa\xf0\x9f\xa4\xaa\xf0\x9f\xa4\xaa';0;0;0;0;0;0;0;0;0;0;0;0;user berharap sama rezim ini aku rasa mustahil namun pesan aku buat user ada nih bahan buat pencitraan untuk pemilihan presiden ganti presiden ;1.0;0.0;1.0;0.0;0.0;0.0;0.0;0.0;1.0;1.0;0.0;0.0;
3245;#JakartaBanjir Pemimpinnya gak punya akhlak yg baik... PENISTA AGAMA. https:\/\/t.co\/PNEGDJMPCH;1;1;1;0;0;0;0;0;1;1;0;0; jakarta banjir pemimpinnya tidak punya akhlak  baik penista agama ;1.0;0.0;1.0;0.0;1.0;0.0;0.0;0.0;0.0;1.0;0.0;0.0;
3250;Ayo dukung tes baca Al Qur'an antar Capres 2019 yang beragama Islam yaitu Pak USER dan Pak USER . Kalau ga bisa baca Al Qur'an sebaiknya jangan jadi Capres. RT jika kamu setuju;0;0;0;0;0;0;0;0;0;0;0;0;ayo dukung tes baca al qur an antar calon presiden  beragama islam yaitu pak user dan pak user kalau tidak bisa baca al qur an sebaiknya jangan jadi calon presiden rt jika kamu setuju;1.0;0.0;1.0;0.0;0.0;0.0;0.0;0.0;1.0;1.0;0.0;0.0;
3252;USER Oh iya lo mah bukan saram ya bang\n\nLo sarap';1;1;1;0;0;0;1;0;0;1;0;0;user  iya kamu  bukan seram  bang kamu sarap ;0.0;1.0;0.0;0.0;0.0;0.0;0.0;0.0;0.0;0.0;0.0;0.0;
3263;USER USER Bocah pake baju item bangsad sekali tanpa ada rasa bersalah\xf0\x9f\x98\xb6';1;1;1;0;0;0;0;0;1;1;0;0;user user bocah pakai baju hitam bangsat sekali tanpa ada rasa bersalah ;0.0;1.0;0.0;0.0;0.0;0.0;0.0;0.0;0.0;0.0;0.0;0.0;
3270;Bbm Naik, Listrik Naik, Telur Naik. \nMasih Juga Percaya dengan Ini Rezim Koplak...?';1;1;1;0;0;0;0;0;1;1;0;0;bahan bakar minyak naik listrik naik telur naik masih juga percaya dengan ini rezim kocak ;1.0;0.0;1.0;0.0;0.0;0.0;0.0;0.0;1.0;1.0;0.0;0.0;
3276;Mau di-Ahok-kan ya?;0;0;0;0;0;0;0;0;0;0;0;0;mau di ahok   ;1.0;0.0;1.0;0.0;0.0;0.0;0.0;0.0;1.0;1.0;0.0;0.0;
3278;When Sandi being asked if #PrabowoGila or not  pic.twitter.com/Vf855qXDyK;1;1;1;0;0;0;0;0;1;1;0;0;when sandi being asked if prabowo gila orang not ;0.0;1.0;0.0;0.0;0.0;0.0;0.0;0.0;0.0;0.0;0.0;0.0;
3300;USER USER Anti kritik kontol mu bangsad. Org idiot aja tau itu hate speech';1;1;1;0;0;0;0;1;0;1;0;0;user user anti kritik kontol mu bangsat orang idiot saja tau itu hate speech ;1.0;1.0;1.0;0.0;0.0;0.0;1.0;0.0;0.0;1.0;0.0;0.0;
3321;#NAME?;1;1;1;0;0;0;0;0;1;1;0;0; nama ;0.0;0.0;0.0;0.0;0.0;0.0;0.0;0.0;0.0;0.0;0.0;0.0;
3322;USER USER Kulit item burik gitu wks';0;1;0;0;0;0;0;0;0;0;0;0;user user kulit hitam burik begitu  ;0.0;0.0;0.0;0.0;0.0;0.0;0.0;0.0;0.0;0.0;0.0;0.0;
3376;Better Future for Better Indonesia #2019GantiPresiden;0;0;0;0;0;0;0;0;0;0;0;0;better future for better indonesia ganti presiden;1.0;0.0;1.0;0.0;0.0;0.0;0.0;0.0;1.0;1.0;0.0;0.0;
3378;USER lu JUGA SIPIT bri!';1;1;1;0;0;0;1;0;0;1;0;0;user kamu juga sipit bank rakyat indonesia ;0.0;0.0;0.0;0.0;0.0;0.0;0.0;0.0;0.0;0.0;0.0;0.0;
3395;USER USER ga caya sama mulut buaya mu bwang';1;1;1;0;0;0;0;0;1;1;0;0;user user tidak percaya sama mulut buaya mu bang ;0.0;0.0;0.0;0.0;0.0;0.0;0.0;0.0;0.0;0.0;0.0;0.0;
3458;USER USER USER USER USER USER USER USER USER USER USER Lebih tepat bani bangsat kali yak?\nOrg berbuat demi kebaikan dan ada alasannya di maki2.\nOrg goblok y;1;1;0;1;0;0;0;0;1;0;1;0;user user user user user user user user user user user lebih tepat bani bangsat kali  orang berbuat demi kebaikan dan ada alasannya di maki maki orang goblok iya;1.0;1.0;1.0;0.0;0.0;0.0;0.0;0.0;1.0;1.0;0.0;0.0;
3463;USER Yg voting malingsia siapa cok jancok PKI';1;1;0;1;0;1;0;0;0;0;1;0;user  voting malaysia siapa cok jancuk partai komunis indonesia ;1.0;1.0;0.0;1.0;0.0;0.0;0.0;0.0;1.0;0.0;1.0;0.0;
3467;USER Eue ayo , dikasih ga?';0;0;0;0;0;0;0;0;0;0;0;0;user ngewe ayo dikasih tidak ;0.0;1.0;0.0;0.0;0.0;0.0;0.0;0.0;0.0;0.0;0.0;0.0;
3497;Bacot ni pecun URL;1;1;1;0;0;0;0;0;1;1;0;0;bacot nih pecun url;1.0;1.0;1.0;0.0;0.0;0.0;0.0;1.0;0.0;1.0;0.0;0.0;
3512;ada teman semuanya brengsek';1;1;0;1;0;0;0;0;1;0;1;0;ada teman semuanya berengsek ;0.0;1.0;0.0;0.0;0.0;0.0;0.0;0.0;0.0;0.0;0.0;0.0;
3537;USER Malam bloon, sama aje lu juga salah wkwk';1;1;1;0;0;0;0;0;1;1;0;0;user malam beloon sama saja kamu juga salah  ;0.0;1.0;0.0;0.0;0.0;0.0;0.0;0.0;0.0;0.0;0.0;0.0;
3559;Di tempat saya cina di usir karna waktu zaman belanda jadi tukang pengkhianat;1;0;0;1;0;1;0;0;0;0;1;0;di tempat saya cina di usir karena waktu zaman belanda jadi tukang penghianat;1.0;0.0;0.0;1.0;0.0;1.0;0.0;0.0;0.0;0.0;0.0;1.0;
3563;tangkap pelakunya, jika polisi tidak bisa maka lengserkan jokowi R3JIM PKI;1;0;1;0;0;1;0;0;0;0;0;1;tangkap pelakunya jika polisi tidak bisa maka lengserkan jokowi rezim partai komunis indonesia;1.0;0.0;0.0;1.0;0.0;1.0;0.0;0.0;0.0;0.0;1.0;0.0;
3580;Nah loh. Masih menyebut Jokowi Antek Asing?. Ckckc';0;0;0;0;0;0;0;0;0;0;0;0;  masih menyebut jokowi antek asing  ;1.0;0.0;1.0;0.0;0.0;0.0;0.0;0.0;1.0;1.0;0.0;0.0;
3598;mau cerita. laki2 emang brengsek ya. dasar cupu';1;1;0;1;0;0;0;0;1;0;1;0;mau cerita pria memang berengsek  dasar cupu ;1.0;1.0;1.0;0.0;0.0;0.0;0.0;0.0;1.0;1.0;0.0;0.0;
3601;USER Ha ha ha ha ha ....calon presiden ..cuma jago cocot ha ha ha ...ngurusi DKI kagak becus ha ha ha ha';1;1;1;0;0;0;0;0;1;1;0;0;user apa apa apa apa apa calon presiden hanya jago cocot apa apa apa mengurusi daerah khusus ibukota tidak becus apa apa apa apa ;0.0;0.0;0.0;0.0;0.0;0.0;0.0;0.0;0.0;0.0;0.0;0.0;
3621;USER USER USER USER USER USER USER USER USER USER USER USER USER USER USER USER USER USER jgn gtu eek ayam anget';1;1;1;0;0;0;0;0;1;1;0;0;user user user user user user user user user user user user user user user user user user jangan begitu tai ayam hangat ;0.0;0.0;0.0;0.0;0.0;0.0;0.0;0.0;0.0;0.0;0.0;0.0;
3626;"USER USER USER USER Top nya lg bs yg biasa bela penista agama skrg belagak bela agama; Wkwkkwkwkw; Mabok";1;0;1;0;1;0;0;0;0;1;0;0;user user user user top  lagi bisa  biasa bela penista agama sekarang berlaga bela agama  mabuk;1.0;0.0;1.0;0.0;0.0;0.0;0.0;0.0;1.0;1.0;0.0;0.0;
3629;USER USER USER USER USER USER USER USER USER USER USER Cuma 1 kata: BAJINGAN !';1;1;1;0;0;0;0;0;1;1;0;0;user user user user user user user user user user user hanya kata bajingan ;0.0;1.0;0.0;0.0;0.0;0.0;0.0;0.0;0.0;0.0;0.0;0.0;
3656;USER Banyak keturnan PKI marah tu pak';0;0;0;0;0;0;0;0;0;0;0;0;user banyak keturunan partai komunis indonesia marah itu pak ;1.0;0.0;0.0;1.0;0.0;1.0;0.0;0.0;0.0;0.0;1.0;0.0;
3663;banci anjr wkwkwk USER URL;0;1;0;0;0;0;0;0;0;0;0;0;banci anjir  user url;1.0;1.0;1.0;0.0;0.0;0.0;0.0;1.0;0.0;1.0;0.0;0.0;
